{
  "Scheduler": [
    {
      "serverList": "helo",
      "UID": "1688368084102",
      "id": 2
    },
    {
      "serverList": "hello world",
      "UID": "1688373044479",
      "id": 9
    },
    {
      "serverList": "new server",
      "UID": "1688373044479",
      "id": 10
    },
    {
      "serverList": "ppa",
      "UID": "1688373044479",
      "id": 11
    },
    {
      "serverList": "boos",
      "UID": "1688373044479",
      "id": 12
    },
    {
      "serverList": "father",
      "UID": "1688375368326",
      "id": 14
    },
    {
      "serverList": "beta",
      "id": 15
    },
    {
      "serverList": "low",
      "id": 16
    }
  ],
  "Controls": [
    {
      "EventID": "2",
      "PROGRAM_NAME": "rahul",
      "RISK_ID": "777",
      "RISK_DESC": "fghj",
      "CONTROL_OWNER": "fh",
      "CATEGORY": "Business Control",
      "SEVERITY": "Low",
      "Unique_id": "1688295234640",
      "id": 16
    },
    {
      "EventID": "666",
      "PROGRAM_NAME": "pakli",
      "RISK_ID": "2456",
      "RISK_DESC": "uttam",
      "CONTROL_OWNER": "nagar",
      "CATEGORY": "Business Control",
      "SEVERITY": "Low",
      "Unique_id": "1688315559580",
      "id": 20
    },
    {
      "EventID": "786",
      "PROGRAM_NAME": "don",
      "RISK_ID": "000",
      "RISK_DESC": "helo",
      "CONTROL_OWNER": "boss",
      "CATEGORY": "ITSec Control",
      "SEVERITY": "Low",
      "Unique_id": "1688375983568",
      "id": 21
    },
    {
      "EventID": "2",
      "PROGRAM_NAME": "rahul",
      "RISK_ID": "111",
      "RISK_DESC": "hello",
      "CONTROL_OWNER": "MY",
      "CATEGORY": "Business Control",
      "SEVERITY": "Medium",
      "Unique_id": "1688311497142",
      "id": 23
    },
    {
      "EventID": "899",
      "PROGRAM_NAME": "ravi",
      "RISK_ID": "9988",
      "RISK_DESC": "hello",
      "CONTROL_OWNER": "jgfds",
      "CATEGORY": "ITSec Control",
      "SEVERITY": "Medium",
      "Unique_id": "1688375958218",
      "id": 24
    },
    {
      "EventID": "0000",
      "PROGRAM_NAME": "oooo",
      "RISK_ID": "33333",
      "RISK_DESC": "ooo",
      "CONTROL_OWNER": "oooo",
      "CATEGORY": "ITSec Control",
      "SEVERITY": "Medium",
      "Unique_id": "1688375366794",
      "id": 25
    },
    {
      "EventID": "check",
      "PROGRAM_NAME": "check",
      "RISK_ID": "0101",
      "RISK_DESC": "hello world",
      "CONTROL_OWNER": "don",
      "CATEGORY": "ITSec Control",
      "SEVERITY": "Medium",
      "Unique_id": "1688402889650",
      "id": 26
    }
  ],
  "Servers": {
    "serverList": "hello world",
    "UID": "1688367789579"
  }
}